Player,Moment_Tier,Position,mean,count
A'Shawn Robinson,COMMON,DL,8.436363636363636,1320
A.J. Brown,COMMON,WR,31.62014690451207,1906
A.J. Brown,RARE,WR,255.47916666666666,96
A.J. Green,COMMON,WR,8.660649819494585,831
A.J. Green,RARE,WR,47.6875,128
A.J. Moore Jr.,COMMON,DB,7.07962962962963,540
A.J. Terrell,COMMON,DB,8.5,502
AJ Dillon,COMMON,RB,47.51313188364869,3541
Aaron Donald,COMMON,DL,42.96023856858847,503
Aaron Donald,LEGENDARY,DL,1321.3,10
Aaron Donald,RARE,DL,73.76076555023923,209
Aaron Jones,COMMON,RB,23.894874022589054,4604
Aaron Rodgers,COMMON,QB,44.38947696139477,3212
Aaron Rodgers,LEGENDARY,QB,7850.0,4
Aaron Rodgers,RARE,QB,211.34285714285716,210
Adam Butler,COMMON,DL,6.816276202219482,811
Adam Thielen,COMMON,WR,13.177710843373495,1992
Adrian Peterson,COMMON,RB,7.929723502304148,868
Aeneas Williams,RARE,DB,41.689655172413794,116
Ahman Green,RARE,RB,68.24509803921569,102
Aidan Hutchinson,LEGENDARY,DL,838.1666666666666,36
Akiem Hicks,COMMON,DL,10.453725490196078,2550
Albert Okwuegbunam,COMMON,TE,12.435830277632268,1909
Alex Okafor,COMMON,DL,7.126775956284153,915
Alex Singleton,COMMON,LB,8.902697495183045,1038
Alexander Mattison,COMMON,RB,6.414754098360656,610
Ali Marpet,RARE,OL,61.091787439613526,207
Allen Lazard,COMMON,WR,14.858823529411765,1700
Allen Lazard,RARE,WR,72.98319327731092,119
Allen Robinson II,COMMON,WR,8.760508849557523,1808
Alvin Kamara,COMMON,RB,23.771918472986087,3091
Alvin Kamara,RARE,RB,94.31313131313131,99
Amani Oruwariye,RARE,DB,47.8448275862069,232
Amari Cooper,COMMON,WR,30.368768768768767,1665
Amari Cooper,LEGENDARY,WR,865.4,10
Amari Cooper,RARE,WR,42.28373702422145,289
Ambry Thomas,COMMON,DB,14.588441330998249,571
Amon-Ra St. Brown,COMMON,WR,33.462166962699825,2815
Amon-Ra St. Brown,LEGENDARY,WR,1372.0,4
Amon-Ra St. Brown,RARE,WR,102.15670436187399,619
Andre Roberts,RARE,WR,47.28695652173913,115
Andrew Whitworth,COMMON,OL,8.920987654320987,405
Andy Dalton,COMMON,QB,14.291139240506329,4029
Anquan Boldin,RARE,WR,46.12871287128713,202
Anthony Barr,RARE,LB,59.344,125
Antoine Wesley,COMMON,WR,7.522948539638387,719
Antonio Freeman,COMMON,WR,7.797587131367292,746
Antonio Freeman,LEGENDARY,WR,824.5,2
Antonio Gibson,COMMON,RB,12.970011534025375,1734
Arizona Cardinals,COMMON,Team,10.409420289855072,828
Arizona Cardinals,LEGENDARY,Team,1200.0,1
Asante Samuel,RARE,DB,41.15360501567398,319
Ashton Dulin,COMMON,WR,8.742753623188406,1380
Atlanta Falcons,COMMON,Team,10.39471007121058,983
Austin Ekeler,COMMON,RB,47.748010610079575,5278
Austin Ekeler,LEGENDARY,RB,1273.8333333333333,6
Austin Ekeler,RARE,RB,178.3231707317073,328
Azeez Ojulari,COMMON,LB,11.180762852404644,1206
Baker Mayfield,COMMON,QB,14.185528756957329,1078
Baker Mayfield,RARE,QB,59.21412300683371,439
Baltimore Ravens,COMMON,Team,10.714285714285714,686
Baltimore Ravens,RARE,Team,144.54430379746836,79
Ben Roethlisberger,COMMON,QB,13.182692307692308,624
Ben Roethlisberger,LEGENDARY,QB,2138.4,5
Ben Skowronek,COMMON,WR,14.987666034155598,1054
Blake Lynch,COMMON,LB,7.1006451612903225,775
Bobby McCain,COMMON,DB,6.876225490196078,816
Bobby Wagner,RARE,LB,51.67785234899329,149
Boston Scott,COMMON,RB,7.817504655493482,1074
Bradley Chubb,RARE,LB,78.06572769953051,213
Brandin Cooks,RARE,WR,90.1038961038961,154
Brandin Echols,COMMON,DB,8.265785609397945,681
Brandon Aiyuk,COMMON,WR,12.477777777777778,2700
Brandon Aiyuk,RARE,WR,38.57333333333333,75
Brandon McManus,COMMON,K,9.090051457975987,1166
Brandon Powell,RARE,WR,59.46296296296296,54
Braxton Berrios,COMMON,WR,7.225602027883396,789
Braxton Berrios,RARE,WR,59.795918367346935,49
Breece Hall,COMMON,RB,22.490573942186845,2387
Breshad Perriman,LEGENDARY,WR,902.5714285714286,7
Brett Favre,COMMON,QB,54.32219570405728,419
Brett Favre,LEGENDARY,QB,1080.5,4
Brett Favre,RARE,QB,92.58064516129032,93
Brian Burns,COMMON,DL,7.258895705521472,815
Brian Dawkins,RARE,DB,46.79245283018868,318
Brian Johnson,COMMON,K,10.817796610169491,472
Brian Urlacher,COMMON,LB,20.405393457117594,2262
Brian Urlacher,LEGENDARY,LB,891.6153846153846,13
Brock Wright,COMMON,TE,29.191111111111113,3375
Bryan Edwards,RARE,WR,41.69230769230769,91
Bryant Young,LEGENDARY,DL,711.6111111111111,18
Bryant Young,RARE,DL,68.99024390243902,205
Budda Baker,COMMON,DB,7.573363431151241,1329
Budda Baker,RARE,DB,49.61417322834646,127
Buffalo Bills,COMMON,Team,27.833333333333332,1692
Buffalo Bills,RARE,Team,399.5609756097561,41
Byron Leftwich,COMMON,QB,7.544147843942505,487
Byron Murphy Jr.,COMMON,DB,8.268847795163584,703
Byron Pringle,COMMON,WR,7.8024800708591675,1129
C.J. Gardner-Johnson,COMMON,DB,10.327361563517915,614
C.J. Mosley,COMMON,LB,10.916272469252602,2114
C.J. Uzomah,COMMON,TE,7.2897657213316895,811
Cade York,COMMON,K,18.16332726168792,1647
Calvin Johnson,COMMON,WR,10.455339805825243,1030
Cam Akers,COMMON,RB,5.827114427860696,804
Cam Newton,COMMON,QB,7.846817691477885,927
Cam Sims,RARE,WR,39.18674698795181,166
Cameron Heyward,RARE,DL,181.0414673046252,627
Cameron Jordan,RARE,DL,91.68103448275862,116
Cameron Sutton,COMMON,DB,10.908069458631257,1958
Carlos Dunlap,RARE,DL,67.60515021459227,233
Carlos Watkins,RARE,DL,57.92893401015228,197
Carolina Panthers,COMMON,Team,11.373007438894792,941
Carson Wentz,COMMON,QB,19.147720715522215,3466
Carson Wentz,RARE,QB,87.6575682382134,403
Casey Hayward,RARE,DB,42.57943925233645,107
Cedrick Wilson Jr.,COMMON,WR,8.61360544217687,735
CeeDee Lamb,COMMON,WR,43.969359331476326,3949
CeeDee Lamb,RARE,WR,190.46865203761755,638
Chad Johnson,COMMON,WR,8.373143564356436,1616
Chad Johnson,LEGENDARY,WR,655.85,20
Chandler Jones,RARE,LB,53.721311475409834,183
Charles Harris,COMMON,LB,6.949930458970793,719
Charles Tillman,COMMON,DB,18.604849279161204,3052
Charles Tillman,LEGENDARY,DB,698.7,10
Chase Claypool,COMMON,WR,14.765067650676507,1626
Chase Claypool,RARE,WR,51.820689655172416,435
Chase Edmonds,COMMON,RB,11.919030192131748,2186
Chicago Bears,RARE,Team,117.54462242562929,437
Chidobe Awuzie,COMMON,DB,7.439839572192513,748
Chidobe Awuzie,RARE,DB,43.93396226415094,106
Chris Conley,COMMON,WR,6.837871287128713,808
Chris Godwin,LEGENDARY,WR,1324.5,2
Chris Godwin,RARE,WR,123.34307692307692,650
Chris Harris Jr.,COMMON,DB,9.230952380952381,840
Chris Jones,COMMON,DL,12.869992972593113,2846
Chris Miller,COMMON,QB,18.43273691186216,1509
Chris Olave,COMMON,WR,14.420849420849422,1295
Christian Kirk,COMMON,WR,13.25531914893617,1457
Christian McCaffrey,COMMON,RB,45.37347670250896,2790
Christian McCaffrey,RARE,RB,62.18115942028985,276
Christian Watson,COMMON,WR,7.03078677309008,877
Christian Wilkins,RARE,DL,66.13071895424837,153
Chuba Hubbard,COMMON,RB,9.318082788671024,918
Chuck Clark,RARE,DB,44.542857142857144,140
Cincinnati Bengals,COMMON,Team,41.11951219512195,2870
Cincinnati Bengals,LEGENDARY,Team,2029.4,5
Cincinnati Bengals,RARE,Team,174.66216216216216,222
Cliff Branch,LEGENDARY,WR,819.0,6
Cliff Branch,RARE,WR,46.21818181818182,55
Clyde Edwards-Helaire,COMMON,RB,22.1734693877551,2450
Clyde Edwards-Helaire,RARE,RB,57.88686868686869,495
Cole Holcomb,RARE,LB,43.8525641025641,156
Cooper Kupp,COMMON,WR,30.366780432309444,4395
Cooper Kupp,LEGENDARY,WR,3200.0,2
Cooper Kupp,RARE,WR,212.6971153846154,208
Cooper Rush,COMMON,QB,15.75,1332
Cordarrelle Patterson,COMMON,WR,40.13179690313288,2777
Cordarrelle Patterson,RARE,WR,77.01329787234043,376
Courtland Sutton,COMMON,WR,24.144419757306444,5851
Courtland Sutton,RARE,WR,134.56756756756758,148
Cris Carter,COMMON,WR,8.28888888888889,585
Cris Carter,LEGENDARY,WR,799.0,1
Cyril Grayson,COMMON,WR,6.861858190709047,818
D'Andre Swift,COMMON,RB,51.04224914569742,3219
D'Andre Swift,RARE,RB,76.2830626450116,431
D'Ernest Johnson,COMMON,RB,7.339585389930899,1013
D'Onta Foreman,COMMON,RB,12.503538928210313,1978
D.J. Reader,COMMON,DL,6.640816326530612,735
D.J. Reed,RARE,DB,40.677621283255085,639
DJ Chark Jr.,COMMON,WR,7.688888888888889,1575
DJ Moore,COMMON,WR,17.81517094017094,936
DJ Moore,RARE,WR,71.20645161290322,155
DK Metcalf,COMMON,WR,28.519862677783227,2039
DK Metcalf,LEGENDARY,WR,1004.5,4
DK Metcalf,RARE,WR,179.1443298969072,97
Dak Prescott,COMMON,QB,27.670153846153845,1625
Dak Prescott,LEGENDARY,QB,2876.0,3
Dallas Cowboys,COMMON,Team,53.84541774015458,2717
Dallas Goedert,RARE,TE,269.7752808988764,534
Dalvin Cook,LEGENDARY,RB,1485.642857142857,14
Dalvin Cook,RARE,RB,232.64009111617312,878
Dameon Pierce,LEGENDARY,RB,693.2121212121212,33
Damien Harris,COMMON,RB,13.623724489795919,1568
Damien Harris,RARE,RB,60.40119760479042,167
Damiere Byrd,COMMON,WR,8.495657568238213,1612
Daniel Jones,COMMON,QB,18.686344238975817,2812
Daniel Jones,RARE,QB,37.1822429906542,214
Daniel Sorensen,RARE,DB,46.954337899543376,219
Dare Ogunbowale,COMMON,RB,7.12613981762918,658
Darius Leonard,RARE,LB,84.61971830985915,71
Darius Slay Jr.,LEGENDARY,DB,497.5625,16
Darius Slay Jr.,RARE,DB,54.27728613569322,339
Darius Slayton,COMMON,WR,7.209129511677283,942
Darnell Mooney,COMMON,WR,14.098039215686274,2193
Darnell Mooney,RARE,WR,69.62244897959184,98
Darrel Williams,COMMON,RB,7.577211394302848,667
Darrell Henderson,COMMON,RB,12.605048859934854,1228
Darren Waller,COMMON,TE,17.5693341478314,1637
Daunte Culpepper,COMMON,QB,7.3342857142857145,700
Davante Adams,COMMON,WR,74.02835051546391,2328
Davante Adams,LEGENDARY,WR,2776.5,6
Davante Adams,RARE,WR,190.90243902439025,164
David Long Jr.,RARE,DB,41.21264367816092,174
David Long Jr.,RARE,LB,57.79259259259259,270
David Montgomery,COMMON,RB,19.797566158006568,5177
David Njoku,COMMON,TE,16.69968944099379,3220
Davis Mills,COMMON,QB,24.24800456100342,1754
Davis Mills,LEGENDARY,QB,1524.5,2
Davis Mills,RARE,QB,48.20083682008368,239
Dawson Knox,COMMON,TE,12.888183980967487,1261
De'Vondre Campbell,COMMON,LB,17.244616419919247,2972
De'Vondre Campbell,RARE,LB,58.26171875,256
DeSean Jackson,RARE,WR,92.12307692307692,130
DeVante Parker,COMMON,WR,8.63915547024952,1042
DeVante Parker,RARE,WR,31.948453608247423,291
DeVonta Smith,COMMON,WR,21.69311445508436,2193
DeVonta Smith,LEGENDARY,WR,856.15,20
DeVonta Smith,RARE,WR,90.37051792828686,251
Decobie Durant,COMMON,DB,10.008782936010038,797
Deebo Samuel,COMMON,WR,25.202056995928864,4667
Deebo Samuel,LEGENDARY,WR,2032.6666666666667,3
Deebo Samuel,RARE,WR,157.3579766536965,257
Demarcus Lawrence,RARE,DL,89.25714285714285,175
Demarcus Robinson,COMMON,WR,7.633711507293355,1234
Demario Davis,RARE,LB,42.785714285714285,294
Denver Broncos,COMMON,Team,17.672447013487474,519
Denzel Perryman,COMMON,LB,7.559459459459459,740
Denzel Ward,COMMON,DB,19.830016583747927,1206
Denzel Ward,RARE,DB,55.42056074766355,214
Derek Carr,COMMON,QB,32.42459635863964,2911
Derek Carr,RARE,QB,91.0080971659919,247
Derrick Brooks,COMMON,LB,11.952403393025447,2122
Derrick Brooks,RARE,LB,138.33333333333334,6
Derrick Brown,COMMON,DL,7.725742574257426,1010
Derrick Gore,RARE,RB,61.573913043478264,115
Derrick Henry,COMMON,RB,38.550423613009016,3659
Derrick Henry,LEGENDARY,RB,1175.0,9
Derwin James Jr.,COMMON,DB,13.226006191950464,969
Detroit Lions,COMMON,Team,9.019736842105264,760
Detroit Lions,RARE,Team,210.1851851851852,27
Devin Duvernay,RARE,WR,69.91089108910892,404
Devin McCourty,RARE,DB,48.36363636363637,88
Devin Singletary,COMMON,RB,8.504248461763844,3413
Devonta Freeman,COMMON,RB,7.060945273631841,804
Diontae Johnson,COMMON,WR,20.882857142857144,2450
Diontae Johnson,RARE,WR,60.284375,640
Donald Driver,COMMON,WR,20.620405924300602,1823
Donald Driver,RARE,WR,48.64912280701754,57
Donovan Peoples-Jones,COMMON,WR,12.336317851147173,1787
Dont'a Hightower,RARE,LB,52.77272727272727,44
Drake London,COMMON,WR,23.884324324324325,1850
Dre' Bly,RARE,DB,48.26775956284153,183
Dre'Mont Jones,COMMON,DL,8.539948453608247,1552
Drew Lock,COMMON,QB,9.578291814946619,1124
Duron Harmon,COMMON,DB,7.75975975975976,999
Dyami Brown,COMMON,WR,12.044890162368672,2094
Elijah Mitchell,COMMON,RB,14.919507575757576,2112
Elijah Mitchell,LEGENDARY,RB,826.0,9
Elijah Moore,COMMON,WR,13.378875968992247,1032
Evan Engram,COMMON,TE,7.94,1100
Evan McPherson,COMMON,K,13.82392776523702,1329
Evan McPherson,LEGENDARY,K,1397.7142857142858,14
Ezekiel Elliott,RARE,RB,200.21632653061224,245
Fletcher Cox,RARE,DL,57.30952380952381,336
Foster Moreau,COMMON,TE,7.2148337595907925,782
Foye Oluokun,COMMON,LB,9.140845070422536,710
Gabriel Davis,COMMON,WR,49.576301615798926,4456
Gabriel Davis,LEGENDARY,WR,2450.0,1
Gardner Minshew II,COMMON,QB,7.4372955288985825,917
Garrett Bradbury,RARE,OL,59.224489795918366,49
Garrett Wilson,COMMON,WR,20.87183908045977,1740
Geno Smith,COMMON,QB,10.968503937007874,2921
Geno Smith,RARE,QB,39.417910447761194,67
George Kittle,COMMON,TE,15.196526335661694,5297
George Kittle,LEGENDARY,TE,1381.6,5
George Kittle,RARE,TE,94.71502590673575,193
George Pickens,LEGENDARY,WR,922.9677419354839,31
Germaine Pratt,RARE,LB,41.996,250
Green Bay Packers,LEGENDARY,Team,2599.5,2
Green Bay Packers,RARE,Team,176.3294117647059,85
Greg Jennings,RARE,WR,44.8,70
Gregory Rousseau,COMMON,DL,18.170120898100173,1158
Gregory Rousseau,LEGENDARY,DL,1274.0,11
Harrison Butker,COMMON,K,10.190726159230096,1143
Hayden Hurst,COMMON,TE,9.333916083916083,1716
Herman Moore,COMMON,WR,7.8909426987061,541
Houston Texans,COMMON,Team,11.541666666666666,840
Hunter Henry,COMMON,TE,7.466524973432518,941
Hunter Renfrow,COMMON,WR,10.625,1224
Hunter Renfrow,RARE,WR,57.19767441860465,86
Ihmir Smith-Marsette,COMMON,WR,7.8006718924972,893
Indianapolis Colts,COMMON,Team,17.31222385861561,679
Isaiah McKenzie,COMMON,WR,11.537531806615776,1572
J.C. Jackson,COMMON,DB,12.590198863636363,2816
J.J. Watt,RARE,DL,78.63398692810458,153
Ja'Marr Chase,COMMON,WR,53.26975016880486,2962
Ja'Marr Chase,LEGENDARY,WR,4376.0,3
Ja'Marr Chase,RARE,WR,160.94980694980694,259
Jack Jones,COMMON,DB,8.64737793851718,553
Jacksonville Jaguars,LEGENDARY,Team,652.96,25
Jacksonville Jaguars,RARE,Team,150.50694444444446,144
Jacoby Brissett,COMMON,QB,6.300578034682081,1038
Jadeveon Clowney,COMMON,DL,11.793349168646081,842
Jaelan Phillips,RARE,LB,180.95081967213116,61
Jaire Alexander,COMMON,DB,11.630418809698751,1361
Jakeem Grant Sr.,RARE,WR,41.78021978021978,91
Jakobi Meyers,COMMON,WR,8.93482983345402,1381
Jakobi Meyers,RARE,WR,44.57364341085271,129
Jalen Hurts,COMMON,QB,51.7390237251159,3667
Jalen Hurts,RARE,QB,181.28240740740742,216
Jalen Pitre,COMMON,DB,7.592592592592593,432
Jalen Ramsey,COMMON,DB,11.94949494949495,1188
Jalen Ramsey,LEGENDARY,DB,1375.0,2
Jalen Ramsey,RARE,DB,74.2919254658385,161
Jalen Reagor,COMMON,WR,7.66453447050462,1407
Jalen Reeves-Maybin,COMMON,LB,7.15633423180593,742
Jamaal Williams,COMMON,RB,6.497549019607843,816
Jamal Agnew,COMMON,WR,5.779359430604982,562
Jamal Agnew,RARE,WR,42.55,160
Jameis Winston,COMMON,QB,17.025498007968128,3765
Jameis Winston,RARE,QB,38.268595041322314,242
Jamel Dean,RARE,DB,51.88906752411575,622
James Conner,COMMON,RB,14.192922927775085,2063
James Conner,LEGENDARY,RB,1135.0,3
James Robinson,COMMON,RB,10.567816091954024,1740
James Robinson,RARE,RB,41.47249190938511,309
James Washington,RARE,WR,46.59214501510574,331
Jared Cook,COMMON,TE,7.251141552511416,876
Jared Goff,RARE,QB,130.68227424749165,598
Jarvis Landry,COMMON,WR,9.457903780068728,1164
Jarvis Landry,RARE,WR,48.24618736383442,459
Javon Walker,COMMON,WR,10.535866780529462,2342
Javonte Williams,COMMON,RB,41.84359961501444,2078
Javonte Williams,LEGENDARY,RB,1228.5714285714287,7
Javonte Williams,RARE,RB,112.6470588235294,136
Jaylen Waddle,COMMON,WR,42.0259375,3200
Jaylen Waddle,LEGENDARY,WR,2999.0,1
Jaylen Waddle,RARE,WR,188.008547008547,117
Jaylen Watson,RARE,DB,54.274924471299094,331
Jayron Kearse,RARE,DB,55.11155378486056,251
Jeffery Simmons,RARE,DL,55.61196911196911,518
Jelani Woods,COMMON,TE,6.918367346938775,588
Jerick McKinnon,COMMON,RB,10.085610200364298,1647
Jerome Baker,COMMON,LB,12.032531824611032,1414
Jerricho Cotchery,RARE,WR,41.44444444444444,63
Jerry Jeudy,COMMON,WR,20.77184703010578,6145
Jessie Bates III,COMMON,DB,7.905466970387244,878
Jimmie Ward,COMMON,DB,7.727592267135325,1138
Jimmy Garoppolo,COMMON,QB,27.719694338311914,2879
Jimmy Garoppolo,RARE,QB,50.76553672316384,354
Joe Burrow,COMMON,QB,41.652423012652186,4189
Joe Burrow,LEGENDARY,QB,2350.0,2
Joe Burrow,RARE,QB,173.63636363636363,143
Joe Haden,RARE,DB,83.84931506849315,73
Joe Mixon,COMMON,RB,20.85996705107084,3642
Joe Mixon,LEGENDARY,RB,931.3333333333334,6
Joe Schobert,COMMON,LB,7.4959537572254336,865
Joey Bosa,COMMON,DL,21.543046357615893,2265
Joey Bosa,RARE,DL,132.91764705882352,85
Johnnie Morton,RARE,WR,46.776119402985074,201
Jonathan Taylor,COMMON,RB,43.25232590921906,3547
Jonathan Taylor,RARE,RB,229.74452554744525,137
Jordan Love,COMMON,QB,8.981333333333334,1500
Jordan Poyer,COMMON,DB,9.089430894308943,492
Jordan Willis,LEGENDARY,DL,802.875,8
Josh Allen,COMMON,QB,61.27080361388493,4206
Josh Allen,LEGENDARY,QB,4499.833333333333,6
Josh Allen,RARE,LB,81.05645161290323,124
Josh Gordon,COMMON,WR,7.339149400218102,917
Josh Jacobs,COMMON,RB,13.387167534960241,3647
Josh Jacobs,RARE,RB,38.793577981651374,218
Josh Johnson,COMMON,QB,7.302919708029197,822
Josh Palmer,COMMON,WR,19.87115165336374,1754
Josh Reynolds,COMMON,WR,6.975552968568103,859
Josiah Deguara,COMMON,TE,7.267508610792193,871
JuJu Smith-Schuster,COMMON,WR,20.67674253200569,2812
Julian Love,COMMON,DB,7.8460508701472556,747
Julio Jones,COMMON,WR,38.55988341282459,3774
Julio Jones,LEGENDARY,WR,732.7666666666667,30
Justin Fields,COMMON,QB,34.54501537110233,2277
Justin Fields,RARE,QB,60.65482233502538,394
Justin Herbert,COMMON,QB,51.74543178973717,3995
Justin Herbert,LEGENDARY,QB,4779.6,5
Justin Herbert,RARE,QB,930.5050505050505,99
Justin Jefferson,COMMON,WR,71.47119711971197,2222
Justin Jefferson,LEGENDARY,WR,1175.0588235294117,17
Justin Simmons,RARE,DB,63.35632183908046,174
Justin Tucker,RARE,K,184.25225225225225,222
K'Waun Williams,COMMON,DB,8.020583190394511,2332
K.J. Osborn,COMMON,WR,9.113223854796889,1157
K.J. Osborn,RARE,WR,40.8054054054054,185
Ka'imi Fairbairn,COMMON,K,8.904411764705882,952
Kadarius Toney,COMMON,WR,12.84598580010923,1831
Kaiir Elam,RARE,DB,55.265822784810126,79
Kam Chancellor,RARE,DB,44.64300202839757,493
Kamu Grugier-Hill,COMMON,LB,7.628747795414462,1134
Kansas City Chiefs,COMMON,Team,14.003707136237256,2158
Kansas City Chiefs,LEGENDARY,Team,1384.6666666666667,3
Kareem Hunt,COMMON,RB,9.105331599479843,1538
Ke'Shawn Vaughn,RARE,RB,60.77403846153846,208
Keelan Cole,COMMON,WR,6.652619589977221,878
Keenan Allen,COMMON,WR,19.72279411764706,1360
Keenan Allen,RARE,WR,80.12437810945273,201
Kendall Blanton,COMMON,TE,7.645408163265306,784
Kendrick Bourne,COMMON,WR,7.396923076923077,1300
Kendrick Bourne,RARE,WR,42.338235294117645,68
Kenneth Gainwell,COMMON,RB,10.993020304568528,1576
Kenny Golladay,COMMON,WR,8.214285714285714,1288
Kenny Moore II,COMMON,DB,8.928363424577752,1717
Kenny Pickett,COMMON,QB,14.32967032967033,1547
Kevin Byard,RARE,DB,51.93417721518988,395
Kevin Williams,COMMON,DL,7.25916870415648,818
Keyshawn Johnson,COMMON,WR,8.310838445807772,1956
Khalil Herbert,COMMON,RB,20.109363008442056,2606
Khalil Herbert,RARE,RB,35.0188679245283,265
Khalil Mack,RARE,LB,142.87570621468927,177
Kirk Cousins,RARE,QB,134.90540540540542,444
Kwity Paye,COMMON,DL,12.567393458870168,2018
Kyle Hamilton,COMMON,DB,7.794885455514119,1877
Kyle Pitts,COMMON,TE,27.6860103626943,965
Kyle Pitts,RARE,TE,136.28333333333333,120
Kyle Rudolph,COMMON,TE,9.982551799345693,917
Kyler Murray,COMMON,QB,26.114656031904286,5015
Kyler Murray,LEGENDARY,QB,1686.6190476190477,21
Kyler Murray,RARE,QB,197.03587443946188,223
Lamar Jackson,COMMON,QB,65.24087109546855,4546
Lamar Jackson,LEGENDARY,QB,1639.08,25
Lance Briggs,COMMON,LB,20.54984894259819,993
Lance Briggs,RARE,LB,42.75816993464052,153
Landon Collins,COMMON,DB,6.901465798045603,1228
Lane Johnson,COMMON,OL,7.744635193133047,932
Laquon Treadwell,COMMON,WR,7.126855600539811,741
Larry Fitzgerald,COMMON,WR,9.171903881700555,1623
Larry Fitzgerald,LEGENDARY,WR,856.0,9
Las Vegas Raiders,COMMON,Team,17.641483516483518,728
Las Vegas Raiders,RARE,Team,152.8421052631579,57
Latavius Murray,RARE,RB,83.52709359605912,406
Laveranues Coles,COMMON,WR,6.737704918032787,488
Laviska Shenault Jr.,COMMON,WR,6.3931523022432115,847
LeRoy Butler,COMMON,DB,8.703808180535965,709
LeRoy Butler,RARE,DB,52.96923076923077,65
Leighton Vander Esch,RARE,LB,65.25721153846153,416
Leonard Floyd,COMMON,LB,9.236879432624113,705
Leonard Fournette,COMMON,RB,8.2885506287227,1511
Leonard Fournette,LEGENDARY,RB,748.0909090909091,11
Leonard Fournette,RARE,RB,191.645,200
Leonard Williams,COMMON,DL,7.7846460618145565,1003
Levi Wallace,COMMON,DB,7.8,1510
Lil'Jordan Humphrey,COMMON,WR,6.884287454323995,821
Logan Cooke,COMMON,P,7.054862842892768,802
Logan Thomas,RARE,TE,64.20388349514563,309
Logan Wilson,RARE,LB,49.46666666666667,195
London Fletcher,RARE,LB,49.776729559748425,318
Los Angeles Chargers,LEGENDARY,Team,2100.0,1
Los Angeles Rams,COMMON,Team,24.489392831016826,1367
Los Angeles Rams,RARE,Team,142.82285714285715,175
Mac Jones,COMMON,QB,19.40457192150097,4637
Mac Jones,LEGENDARY,QB,1339.0,2
Mack Hollins,COMMON,WR,7.936689549961861,1311
Mack Hollins,RARE,WR,32.06340057636888,347
Malik Turner,RARE,WR,53.01234567901235,324
Marcus Williams,RARE,DB,38.9781181619256,457
Mark Andrews,COMMON,TE,30.8152799581371,3822
Mark Andrews,LEGENDARY,TE,1241.4444444444443,9
Mark Andrews,RARE,TE,133.95238095238096,231
Mark Brunell,COMMON,QB,20.091181506849313,2336
Mark Clayton,RARE,WR,59.013513513513516,74
Marlon Davidson,RARE,DL,53.14487632508834,283
Marquez Callaway,RARE,WR,39.49655172413793,145
Marquez Valdes-Scantling,COMMON,WR,13.422264875239923,1563
Marquise Brown,COMMON,WR,12.777325876970005,1967
Marshon Lattimore,RARE,DB,50.21212121212121,66
Marvin Harrison,COMMON,WR,10.851600387972843,1031
Marvin Harrison,RARE,WR,58.278481012658226,79
Marvin Jones Jr.,COMMON,WR,7.544857768052516,914
Matt Hasselbeck,COMMON,QB,19.57350272232305,1102
Matt Hasselbeck,RARE,QB,44.01762114537445,227
Matt Ryan,COMMON,QB,7.455762792922047,2091
Matt Ryan,RARE,QB,166.98342541436463,181
Matthew Ioannidis,COMMON,DL,6.834473324213406,731
Matthew Judon,RARE,LB,53.39219712525667,974
Matthew Stafford,COMMON,QB,17.320256600049348,4053
Matthew Stafford,RARE,QB,104.45714285714286,70
Maxx Crosby,COMMON,DL,11.0,919
Maxx Crosby,RARE,DL,72.8659793814433,97
Mecole Hardman,COMMON,WR,11.617788461538462,1664
Mecole Hardman,RARE,WR,69.1219512195122,123
Melvin Gordon III,COMMON,RB,12.818474758324383,3724
Melvin Gordon III,RARE,RB,73.30927835051547,97
Melvin Ingram,COMMON,LB,9.49468791500664,1506
Miami Dolphins,COMMON,Team,26.465826144658262,1507
Miami Dolphins,RARE,Team,130.64751958224542,383
Micah Hyde,LEGENDARY,DB,812.4444444444445,9
Micah Hyde,RARE,DB,84.04430379746836,158
Micah Parsons,COMMON,LB,10.87425796006476,1853
Micah Parsons,LEGENDARY,LB,3557.6666666666665,3
Micah Parsons,RARE,LB,483.421686746988,83
Michael Carter,COMMON,RB,10.419123505976096,1255
Michael Carter,RARE,RB,70.51851851851852,108
Michael Davis,LEGENDARY,DB,713.3333333333334,3
Michael Gallup,COMMON,WR,12.244733581164809,1614
Michael Gallup,RARE,WR,66.23178807947019,151
Michael Pittman Jr.,COMMON,WR,31.075067024128685,1492
Michael Pittman Jr.,RARE,WR,87.52873563218391,174
Michael Thomas,COMMON,WR,17.982193064667293,3201
Michael Thomas,LEGENDARY,WR,464.7,10
Mike Evans,COMMON,WR,15.63641826923077,3328
Mike Evans,LEGENDARY,WR,1759.5,2
Mike Evans,RARE,WR,138.97749196141478,622
Mike Gesicki,COMMON,TE,8.676865046102263,2386
Mike Hilton,COMMON,DB,7.8417177914110425,815
Mike Hughes,RARE,DB,46.26625386996904,323
Mike Williams,LEGENDARY,WR,995.25,8
Mike Williams,RARE,WR,118.33389544688028,1779
Miles Sanders,COMMON,RB,19.307936507936507,3150
Miles Sanders,RARE,RB,42.88636363636363,88
Minkah Fitzpatrick,RARE,DB,119.89112903225806,496
Minnesota Vikings,COMMON,Team,26.64638783269962,789
Mo Alie-Cox,COMMON,TE,9.098057354301572,2162
Mykal Walker,RARE,LB,44.421052631578945,133
Myles Bryant,COMMON,DB,11.758308157099698,1655
Myles Garrett,COMMON,DL,16.91156462585034,1617
Myles Garrett,RARE,DL,112.75396825396825,126
Myles Gaskin,COMMON,RB,7.078571428571428,840
N'Keal Harry,RARE,WR,47.3013698630137,73
Najee Harris,COMMON,RB,34.57823285780027,4346
Najee Harris,LEGENDARY,RB,1650.0,2
Najee Harris,RARE,RB,196.38983050847457,118
Ndamukong Suh,COMMON,DL,7.103359173126615,1548
Nelson Agholor,RARE,WR,41.2652329749104,279
New England Patriots,RARE,Team,126.80458515283843,916
New Orleans Saints,LEGENDARY,Team,1951.5,6
New York Giants,COMMON,Team,23.7995,2000
New York Jets,LEGENDARY,Team,801.4,15
Nick Bolton,COMMON,LB,6.403041825095057,526
Nick Bolton,LEGENDARY,LB,1441.5,6
Nick Bosa,COMMON,DL,20.239284032030145,2123
Nick Bosa,RARE,DL,98.90131578947368,152
Nick Chubb,COMMON,RB,29.608552159563782,6969
Nick Chubb,LEGENDARY,RB,1183.9411764705883,17
Nick Chubb,RARE,RB,65.71034482758621,435
Nick Niemann,COMMON,LB,16.48819641170916,1059
Noah Fant,COMMON,TE,16.192948090107738,1021
Noah Gray,COMMON,TE,6.044444444444444,450
Nyheim Hines,COMMON,RB,10.37793427230047,2130
Odell Beckham Jr.,COMMON,WR,10.286436394271272,1187
Odell Beckham Jr.,LEGENDARY,WR,949.0,1
Odell Beckham Jr.,RARE,WR,127.87912087912088,91
Odell Beckham Jr.,ULTIMATE,WR,11777.0,1
Olamide Zaccheaus,COMMON,WR,6.905590062111801,805
P.J. Williams,COMMON,DB,6.786337209302325,688
Pat Freiermuth,COMMON,TE,15.644942294636795,2946
Pat Surtain II,RARE,DB,35.99375,160
Patrick Mahomes II,COMMON,QB,63.14295874822191,2812
Patrick Mahomes II,LEGENDARY,QB,11612.166666666666,6
Patrick Mahomes II,RARE,QB,689.8533834586466,266
Patrick Peterson,COMMON,DB,9.118553248492967,1493
Patrick Peterson,RARE,DB,53.41111111111111,90
Patrick Surtain II,COMMON,DB,19.951965065502183,1145
Patrick Surtain II,LEGENDARY,DB,1102.095238095238,21
Paulson Adebo,RARE,DB,58.80769230769231,78
Philadelphia Eagles,COMMON,Team,21.3326941514861,2086
Philadelphia Eagles,RARE,Team,53.952789699570815,233
Pierre Desir,COMMON,DB,7.195121951219512,861
Pittsburgh Steelers,COMMON,Team,19.714477211796247,746
Pittsburgh Steelers,LEGENDARY,Team,1541.3333333333333,3
Pittsburgh Steelers,RARE,Team,76.57575757575758,198
Pressley Harvin III,LEGENDARY,P,1290.764705882353,17
Preston Smith,COMMON,LB,9.682520808561236,841
Quez Watkins,RARE,WR,56.70404984423676,321
Quinn Meinerz,RARE,OL,105.46428571428571,56
Randall Cunningham,COMMON,QB,8.646540880503144,795
Randall Cunningham,LEGENDARY,QB,1074.6666666666667,3
Randy Gregory,COMMON,DL,16.573067632850243,1656
Rashaad Penny,COMMON,RB,5.685057471264368,870
Rashaad Penny,LEGENDARY,RB,911.75,4
Rashaad Penny,RARE,RB,134.64447806354008,1322
Rasheem Green,RARE,DL,56.113421550094515,529
Rashod Bateman,LEGENDARY,WR,2300.6,5
Rashod Bateman,RARE,WR,87.36768149882904,427
Rasul Douglas,RARE,DB,58.55290102389078,293
Reggie White,COMMON,DL,31.90721649484536,388
Reggie White,RARE,DL,62.3974358974359,156
Rhamondre Stevenson,COMMON,RB,17.37891373801917,1565
Richard Seymour,LEGENDARY,DL,904.5,12
Richard Seymour,RARE,DL,62.44230769230769,104
Richard Sherman,COMMON,DB,8.246875,960
Richard Sherman,LEGENDARY,DB,876.3571428571429,14
Ricky Williams,COMMON,RB,11.957212174680194,2267
Ricky Williams,RARE,RB,54.13157894736842,152
Riley Dixon,COMMON,P,7.155011655011655,858
Rob Gronkowski,COMMON,TE,20.216822429906543,535
Robby Anderson,COMMON,WR,8.673684210526316,1330
Robert Quinn,RARE,LB,74.71900826446281,121
Robert Woods,COMMON,WR,11.500585480093676,1708
Rondale Moore,COMMON,WR,10.243177683444511,1649
Roy Williams,COMMON,WR,8.055478502080444,721
Russell Gage,COMMON,WR,25.060518088432335,4478
Russell Gage,RARE,WR,60.07303370786517,356
Russell Wilson,COMMON,QB,74.55011365984707,4839
Russell Wilson,LEGENDARY,QB,2187.5,2
Russell Wilson,RARE,QB,231.39455782312925,147
Ryan Tannehill,COMMON,QB,20.130699088145896,1974
Ryan Tannehill,RARE,QB,61.88275862068966,145
Sam Hubbard,COMMON,DL,7.12453300124533,803
Sam Mills,LEGENDARY,LB,844.25,24
Sam Mills,RARE,LB,61.65,80
Samaje Perine,RARE,RB,57.10454545454545,220
Sammy Watkins,COMMON,WR,8.161257606490873,986
San Francisco 49ers,RARE,Team,99.10984848484848,264
Saquon Barkley,COMMON,RB,51.7196174480989,4287
Saquon Barkley,LEGENDARY,RB,1692.5,4
Saquon Barkley,RARE,RB,92.71989528795811,382
Sauce Gardner,COMMON,DB,9.899897854954034,979
Scotty Miller,COMMON,WR,10.267170762444865,1587
Seattle Seahawks,RARE,Team,191.1341463414634,82
Shaquil Barrett,RARE,LB,58.85995623632385,457
Shaun Alexander,COMMON,RB,7.520612485276796,849
Stefon Diggs,COMMON,WR,26.806635071090046,4220
Stefon Diggs,LEGENDARY,WR,1699.304347826087,23
Stefon Diggs,RARE,WR,142.11464968152868,157
Stephon Gilmore,COMMON,DB,9.758511480601742,1263
Sterling Shepard,COMMON,WR,7.063973063973064,891
Steve McNair,COMMON,QB,11.8837528604119,2185
Steve McNair,RARE,QB,167.54545454545453,11
Steve Smith Sr.,COMMON,WR,21.438124519600308,1301
T.J. Hockenson,COMMON,TE,12.359522625559423,2011
T.J. Hockenson,LEGENDARY,TE,466.1666666666667,12
T.J. Watt,COMMON,LB,14.645939086294415,1576
T.J. Watt,LEGENDARY,LB,1410.25,4
T.Y. Hilton,COMMON,WR,7.3120567375886525,846
T.Y. Hilton,LEGENDARY,WR,759.3333333333334,3
Talanoa Hufanga,COMMON,DB,8.389312977099237,524
Tariq Woolen,RARE,DB,52.20627802690583,223
Tavierre Thomas,COMMON,DB,7.7782426778242675,478
Taylor Heinicke,COMMON,QB,9.461845102505695,1756
Taysom Hill,COMMON,QB,17.90503744043567,2938
Taysom Hill,RARE,QB,61.48623853211009,109
Teddy Bridgewater,COMMON,QB,6.8737541528239205,602
Tee Higgins,COMMON,WR,19.233447768513976,2039
Tee Higgins,LEGENDARY,WR,1013.3333333333334,3
Tee Higgins,RARE,WR,112.30851063829788,188
Tennessee Titans,LEGENDARY,Team,1585.3,10
Tennessee Titans,RARE,Team,111.57437070938215,437
Terrell Davis,COMMON,RB,12.844268204758471,1387
Terrell Davis,LEGENDARY,RB,659.0909090909091,11
Terrell Edmunds,COMMON,DB,10.92600276625173,1446
Terry McLaurin,COMMON,WR,13.58308157099698,1324
Terry McLaurin,RARE,WR,118.30232558139535,86
Tershawn Wharton,COMMON,DL,10.619475138121548,2896
Tevaughn Campbell,RARE,DB,45.61212121212121,165
Thomas Jones,COMMON,RB,6.684615384615385,780
Thurman Thomas,COMMON,RB,13.32121691031213,2531
Thurman Thomas,LEGENDARY,RB,1333.0,1
Thurman Thomas,RARE,RB,140.24444444444444,360
Tom Brady,COMMON,QB,224.36950904392765,1161
Tom Brady,LEGENDARY,QB,15000.0,3
Tom Brady,RARE,QB,606.4431818181819,88
Tony Boselli,LEGENDARY,OL,634.0,6
Tony Boselli,RARE,OL,51.74193548387097,62
Tony Gonzalez,COMMON,TE,20.802169299693468,4241
Tony Gonzalez,LEGENDARY,TE,685.3125,16
Tony Pollard,COMMON,RB,9.827114887329147,2707
Tony Pollard,RARE,RB,169.53648068669528,233
Torry Holt,RARE,WR,51.490566037735846,159
Tracy Walker III,COMMON,DB,9.144776119402986,670
Travis Homer,LEGENDARY,RB,1229.5,2
Travis Kelce,COMMON,TE,45.493097345132746,2825
Travis Kelce,LEGENDARY,TE,2525.0,2
Travis Kelce,RARE,TE,149.94464944649445,271
Travon Walker,LEGENDARY,LB,812.2142857142857,14
Tre'Quan Smith,RARE,WR,41.839416058394164,137
Tremon Smith,RARE,DB,42.54385964912281,57
Trevon Diggs,COMMON,DB,8.933035714285714,448
Trevon Diggs,LEGENDARY,DB,1215.6521739130435,23
Trevon Diggs,RARE,DB,99.78571428571429,182
Trevor Lawrence,COMMON,QB,29.18974358974359,1950
Trevor Lawrence,LEGENDARY,QB,3612.5,4
Trevor Lawrence,RARE,QB,714.1573033707865,89
Trey Hendrickson,COMMON,DL,8.744748567791216,1571
Trey Lance,LEGENDARY,QB,4191.666666666667,3
Troy Polamalu,COMMON,DB,9.264221158958001,1881
Troy Polamalu,RARE,DB,62.98522167487685,203
Tua Tagovailoa,COMMON,QB,33.67806995149349,3917
Tua Tagovailoa,LEGENDARY,QB,958.04,25
Tua Tagovailoa,RARE,QB,259.8380281690141,142
Tyler Allgeier,COMMON,RB,9.269592476489029,638
Tyler Boyd,COMMON,WR,7.572886297376093,686
Tyler Boyd,RARE,WR,77.86490683229813,644
Tyler Higbee,COMMON,TE,16.673383165420866,3077
Tyler Higbee,RARE,TE,74.31944444444444,288
Tyler Huntley,COMMON,QB,8.248331108144193,749
Tyler Lockett,COMMON,WR,15.596619718309858,1775
Tyler Lockett,RARE,WR,88.58035714285714,112
Tyrann Mathieu,COMMON,DB,9.611510791366907,695
Tyreek Hill,COMMON,WR,42.36183810103469,3286
Tyreek Hill,LEGENDARY,WR,1329.0,2
Tyreek Hill,RARE,WR,157.51020408163265,147
Tyson Campbell,COMMON,DB,11.238013698630137,1752
Tyus Bowser,COMMON,LB,7.038363171355499,782
Van Jefferson,RARE,WR,74.11214953271028,107
Vita Vea,COMMON,DL,14.483695652173912,1840
Von Miller,COMMON,LB,13.754345307068366,863
Von Miller,LEGENDARY,LB,1254.2,5
Von Miller,RARE,LB,69.71812080536913,298
Washington Football Team,COMMON,Team,15.088775510204082,980
Xavien Howard,RARE,DB,52.07267441860465,344
Zach Allen,LEGENDARY,DL,820.0,9
Zach Wilson,COMMON,QB,28.47210743801653,1936
Zach Wilson,LEGENDARY,QB,2374.8333333333335,6
Zach Wilson,RARE,QB,83.91902834008097,247
Zay Jones,COMMON,WR,7.747596153846154,832
